NAME	MODE	SCRIPT	SIMULATIONS	DATE
b200n	normal	newlink.py	200	06-03-2013  20:42:35
r200n	reliable	newlink.py	200	06-03-2013  21:39:16
R200n	remove	newlink.py	200	06-03-2013  22:31:02
t200n	tree	newlink.py	200	06-03-2013  23:49:05
n200t	normal	test.py	200	06-18-2013  17:28:57
r200t	reliable	test.py	200	06-18-2013  18:01:58
R200t	remove	test.py	200	06-18-2013  18:47:49
t200t	tree	test.py	200	06-18-2013  20:14:56
r200t	reliable	test.py	200	06-18-2013  21:20:37
r200t	reliable	test.py	200	06-18-2013  21:22:10
n200t	normal	test.py	200	06-18-2013  21:53:44
R200t	remove	test.py	200	06-18-2013  22:26:09
t200t	tree	test.py	200	06-18-2013  22:56:15
bt_t	tree	test.py	200	06-19-2013  11:22:42
noST1	normal	stable.py	200	06-19-2013  14:50:46
trST1	tree	stable.py	200	06-19-2013  15:40:12
reST1	reliable	stable.py	200	06-19-2013  16:37:03
rpST1	remove	stable.py	200	06-19-2013  17:25:31
rtST1	reltree	stable.py	200	06-20-2013  14:41:19
rt251	reltree	stable.py	200	06-20-2013  15:41:15
bt251	tree	stable.py	200	06-20-2013  16:37:19
bt251	tree	25.py	200	06-20-2013  17:29:09
rt251	reltree	25.py	200	06-20-2013  20:42:07
bg251	normal	25.py	100	06-22-2013  11:19:01
rg251	rel	25.py	100	06-22-2013  12:49:50
rp251	remove	25.py	100	06-22-2013  14:19:14
bt491	tree	49.py	100	06-22-2013  17:24:45
rt491	reltree	49.py	100	06-23-2013  11:24:08
bg491	normal	49.py	100	06-23-2013  18:01:18
rg491	rel	49.py	100	06-24-2013  10:42:01
rp491	remove	49.py	100	06-24-2013  14:50:11
btNL1	tree	newlink.py	200	06-25-2013  12:40:26
rtNL1	reltree	newlink.py	200	06-25-2013  19:19:40
rtTE1	reltree	test.py	200	06-25-2013  20:53:45
btTE1	tree	test.py	200	06-25-2013  21:32:19
bgNL1	normal	newlink.py	200	06-25-2013  22:08:07
rgNL1	rel	newlink.py	200	06-25-2013  23:08:33
rpNL1	remove	newlink.py	200	06-26-2013  00:24:37
bgTE1	normal	test.py	200	06-26-2013  10:52:23
rgTE1	rel	test.py	200	06-26-2013  11:25:09
rpTE1	remove	test.py	200	06-26-2013  12:50:37
bgST1	normal	stable.py	200	06-26-2013  15:09:53
rgST1	rel	stable.py	200	06-26-2013  16:12:15
cprST1	remove	stable.py	200	06-26-2013  17:03:13
btST1	tree	stable.py	200	06-26-2013  17:52:47
rtST1	reltree	stable.py	200	06-26-2013  18:42:14
